23.47.21.229,+1 617 274 7134
23.47.21.229,+1 617 444 0017
23.47.21.229,+1 617 444 2535
23.47.21.229,+1 617 444 9713
23.47.21.229,23.32.0.0-23.67.255.255
23.47.21.229,Akamai Technologies
23.47.21.229,Akamai Technologies Inc.
23.47.21.229,Cambridge United States
23.47.21.229,OrgTechName
23.47.21.229,abuse@akamai.com
23.47.21.229,ip-admin@akamai.com
adobe.com,+1 408 536 6000
adobe.com,+44 20 7421 8250
adobe.com,Adobe Systems Incorporated
adobe.com,NOM-IQ Ltd dba Com Laude
adobe.com,Nom IQ Ltd
adobe.com,VeriSign
adobe.com,abuse@comlaude.com
adobe.com,adobe-dns-01.adobe.com
adobe.com,adobe.com-tech@anonymised.email
adobe.com,dns-admin@adobe.com
adobe.com,hostmaster@adobe.com.
http://wwwimages2.adobe.com,wwwimages2.adobe.com
wwwimages2.adobe.com,23.47.21.229
wwwimages2.adobe.com,adobe.com
